ClientName,ClientAge,ClientProfession,ClientPhone
Client1,20,Doctor,1234679
Client1,20,Engineer,1234679
Client1,20,Doctor,1234679
Client1,20,Teacher,1234679
Client1,20,Engineer,1234679
Client1,20,Doctor,1234679
Client1,20,Carpenter,1234679
Client1,20,Engineer,1234679
Client1,20,Engineer,1234679
Client1,20,Engineer,1234679
Client1,20,Engineer,1234679
Client1,20,Engineer,1234679
Client1,20,Engineer,1234679
Client1,20,Engineer,1234679
Client1,20,Engineer,1234679
Client1,20,Engineer,1234679
Client1,20,Engineer,1234679
Client1,20,Engineer,1234679
Client1,20,Engineer,1234679
Client1,20,Engineer,1234679
Client1,20,Engineer,1234679
Client1,20,Engineer,1234679
Client1,20,Engineer,1234679
Client1,20,Engineer,1234679
Client1,20,Engineer,1234679
Client1,20,Engineer,1234679
Client1,20,Engineer,1234679
Client1,20,Engineer,1234679
Client1,20,Engineer,1234679
Client1,20,Engineer,1234679
Client1,20,Engineer,1234679
Client1,20,Engineer,1234679
Client1,20,Engineer,1234679
Client1,20,Engineer,1234679
Client1,20,Engineer,1234679
Client1,20,Engineer,1234679
Client1,20,Engineer,1234679
Client1,20,Engineer,1234679
Client1,20,Engineer,1234679
Client1,20,Engineer,1234679
Client1,20,Engineer,1234679
Client1,20,Engineer,1234679
Client1,20,Engineer,1234679
Client1,20,Engineer,1234679
Client1,20,Engineer,1234679
Client1,20,Engineer,1234679
Client1,20,Engineer,1234679
Client1,20,Engineer,1234679
Client1,20,Engineer,1234679
Client1,20,Engineer,1234679
Client1,20,Engineer,1234679
Client1,20,Engineer,1234679
Client1,20,Engineer,1234679
Client1,20,Engineer,1234679
Client1,20,Engineer,1234679
Client1,20,Engineer,1234679
Client1,20,Engineer,1234679
Client1,20,Engineer,1234679
Client1,20,Engineer,1234679
Client1,20,Engineer,1234679
Client1,20,Engineer,1234679
Client1,20,Engineer,1234679
Client1,20,Engineer,1234679
Client1,20,Engineer,1234679
Client1,20,Engineer,1234679
Client1,20,Engineer,1234679
Client1,20,Engineer,1234679
Client1,20,Engineer,1234679
Client1,20,Engineer,1234679
Client1,20,Engineer,1234679
Client1,20,Engineer,1234679
Client1,20,Engineer,1234679
Client1,20,Engineer,1234679
Client1,20,Engineer,1234679
Client1,20,Engineer,1234679
Client1,20,Engineer,1234679
Client1,20,Engineer,1234679
Client1,20,Engineer,1234679
Client1,20,Engineer,1234679
Client1,20,Engineer,1234679
Client1,20,Engineer,1234679
Client1,20,Engineer,1234679
Client1,20,Engineer,1234679
Client1,20,Engineer,1234679
Client1,20,Engineer,1234679
Client1,20,Engineer,1234679
Client1,20,Engineer,1234679
Client1,20,Engineer,1234679
Client1,20,Engineer,1234679
Client1,20,Engineer,1234679
Client1,20,Engineer,1234679
Client1,20,Engineer,1234679
Client1,20,Engineer,1234679
Client1,20,Engineer,1234679
Client1,20,Engineer,1234679
Client1,20,Engineer,1234679
Client1,20,Engineer,1234679
Client1,20,Engineer,1234679
Client1,20,Engineer,1234679
Client1,20,Engineer,1234679
Client1,20,Engineer,1234679
Client1,20,Engineer,1234679
Client1,20,Engineer,1234679
Client1,20,Engineer,1234679
Client1,20,Engineer,1234679
Client1,20,Engineer,1234679
Client1,20,Engineer,1234679
Client1,20,Engineer,1234679
Client1,20,Engineer,1234679
Client1,20,Engineer,1234679
Client1,20,Engineer,1234679
Client1,20,Engineer,1234679
Client1,20,Engineer,1234679
Client1,20,Engineer,1234679
Client1,20,Engineer,1234679
Client1,20,Engineer,1234679
Client1,20,Engineer,1234679
Client1,20,Engineer,1234679
Client1,20,Engineer,1234679
Client1,20,Engineer,1234679
Client1,20,Engineer,1234679
Client1,20,Engineer,1234679
Client1,20,Engineer,1234679
Client1,20,Engineer,1234679
Client1,20,Engineer,1234679
Client1,20,Engineer,1234679
Client1,20,Engineer,1234679
Client1,20,Engineer,1234679
Client1,20,Engineer,1234679
Client1,20,Engineer,1234679
Client1,20,Engineer,1234679
Client1,20,Engineer,1234679
Client1,20,Engineer,1234679
Client1,20,Engineer,1234679
Client1,20,Engineer,1234679
Client1,20,Engineer,1234679
Client1,20,Engineer,1234679
Client1,20,Engineer,1234679
Client1,20,Engineer,1234679
Client1,20,Engineer,1234679
Client1,20,Engineer,1234679
Client1,20,Engineer,1234679
Client1,20,Engineer,1234679
Client1,20,Engineer,1234679
Client1,20,Engineer,1234679
Client1,20,Engineer,1234679
Client1,20,Engineer,1234679
Client1,20,Engineer,1234679
Client1,20,Engineer,1234679
Client1,20,Engineer,1234679
Client1,20,Engineer,1234679
Client1,20,Engineer,1234679
Client1,20,Engineer,1234679
Client1,20,Engineer,1234679
Client1,20,Engineer,1234679
Client1,20,Engineer,1234679
Client1,20,Engineer,1234679
Client1,20,Engineer,1234679
Client1,20,Engineer,1234679
Client1,20,Engineer,1234679
Client1,20,Engineer,1234679
Client1,20,Engineer,1234679
Client1,20,Engineer,1234679
Client1,20,Engineer,1234679
Client1,20,Engineer,1234679
Client1,20,Engineer,1234679
Client1,20,Engineer,1234679
Client1,20,Engineer,1234679
Client1,20,Engineer,1234679
Client1,20,Engineer,1234679
Client1,20,Engineer,1234679
Client1,20,Engineer,1234679
Client1,20,Engineer,1234679
Client1,20,Engineer,1234679
Client1,20,Engineer,1234679
Client1,20,Engineer,1234679
Client1,20,Engineer,1234679
Client1,20,Engineer,1234679
Client1,20,Engineer,1234679
Client1,20,Engineer,1234679
Client1,20,Engineer,1234679
Client1,20,Engineer,1234679
Client1,20,Engineer,1234679
Client1,20,Engineer,1234679
Client1,20,Engineer,1234679
Client1,20,Engineer,1234679
Client1,20,Engineer,1234679
Client1,20,Engineer,1234679
Client1,20,Engineer,1234679
Client1,20,Engineer,1234679
Client1,20,Engineer,1234679
Client1,20,Engineer,1234679
Client1,20,Engineer,1234679
Client1,20,Engineer,1234679
Client1,20,Engineer,1234679
Client1,20,Engineer,1234679
Client1,20,Engineer,1234679
Client1,20,Engineer,1234679
Client1,20,Engineer,1234679
Client1,20,Engineer,1234679
Client1,20,Engineer,1234679
Client1,20,Engineer,1234679
Client1,20,Engineer,1234679
Client1,20,Engineer,1234679
Client1,20,Engineer,1234679
Client1,20,Engineer,1234679
Client1,20,Engineer,1234679
Client1,20,Engineer,1234679
Client1,20,Engineer,1234679
Client1,20,Engineer,1234679
Client1,20,Engineer,1234679
Client1,20,Engineer,1234679
Client1,20,Engineer,1234679
Client1,20,Engineer,1234679
Client1,20,Engineer,1234679
Client1,20,Engineer,1234679
Client1,20,Engineer,1234679
Client1,20,Engineer,1234679
Client1,20,Engineer,1234679
Client1,20,Engineer,1234679
Client1,20,Engineer,1234679
Client1,20,Engineer,1234679
Client1,20,Engineer,1234679
Client1,20,Engineer,1234679
Client1,20,Engineer,1234679
Client1,20,Engineer,1234679
Client1,20,Engineer,1234679
Client1,20,Engineer,1234679
Client1,20,Engineer,1234679
Client1,20,Engineer,1234679
Client1,20,Engineer,1234679
Client1,20,Engineer,1234679
Client1,20,Engineer,1234679
Client1,20,Engineer,1234679
Client1,20,Engineer,1234679
Client1,20,Engineer,1234679
Client1,20,Engineer,1234679
Client1,20,Engineer,1234679
Client1,20,Engineer,1234679
Client1,20,Engineer,1234679
Client1,20,Engineer,1234679
Client1,20,Engineer,1234679
Client1,20,Engineer,1234679
Client1,20,Engineer,1234679
Client1,20,Engineer,1234679
Client1,20,Engineer,1234679
Client1,20,Engineer,1234679
Client1,20,Engineer,1234679
Client1,20,Engineer,1234679
Client1,20,Engineer,1234679
Client1,20,Engineer,1234679
Client1,20,Engineer,1234679
Client1,20,Engineer,1234679
Client1,20,Engineer,1234679
Client1,20,Engineer,1234679
Client1,20,Engineer,1234679
Client1,20,Engineer,1234679
Client1,20,Engineer,1234679
Client1,20,Engineer,1234679
Client1,20,Engineer,1234679
Client1,20,Engineer,1234679
Client1,20,Engineer,1234679
Client1,20,Engineer,1234679
Client1,20,Engineer,1234679
Client1,20,Engineer,1234679
Client1,20,Engineer,1234679
Client1,20,Engineer,1234679
Client1,20,Engineer,1234679
Client1,20,Engineer,1234679
Client1,20,Engineer,1234679
Client1,20,Engineer,1234679
Client1,20,Engineer,1234679
Client1,20,Engineer,1234679
Client1,20,Engineer,1234679
Client1,20,Engineer,1234679
Client1,20,Engineer,1234679
Client1,20,Engineer,1234679
Client1,20,Engineer,1234679
Client1,20,Engineer,1234679
Client1,20,Engineer,1234679
Client1,20,Engineer,1234679
Client1,20,Engineer,1234679
Client1,20,Engineer,1234679
Client1,20,Engineer,1234679
Client1,20,Engineer,1234679
Client1,20,Engineer,1234679
Client1,20,Engineer,1234679
Client1,20,Engineer,1234679
Client1,20,Engineer,1234679
Client1,20,Engineer,1234679
Client1,20,Engineer,1234679
Client1,20,Engineer,1234679
Client1,20,Engineer,1234679
Client1,20,Engineer,1234679
Client1,20,Engineer,1234679
Client1,20,Engineer,1234679
Client1,20,Engineer,1234679
Client1,20,Engineer,1234679
Client1,20,Engineer,1234679
Client1,20,Engineer,1234679
Client1,20,Engineer,1234679
Client1,20,Engineer,1234679
Client1,20,Engineer,1234679
Client1,20,Engineer,1234679
Client1,20,Engineer,1234679
Client1,20,Engineer,1234679
Client1,20,Engineer,1234679
Client1,20,Engineer,1234679
Client1,20,Engineer,1234679
Client1,20,Engineer,1234679
Client1,20,Engineer,1234679
Client1,20,Engineer,1234679
Client1,20,Engineer,1234679
Client1,20,Engineer,1234679
Client1,20,Engineer,1234679
Client1,20,Engineer,1234679
Client1,20,Engineer,1234679
Client1,20,Engineer,1234679
Client1,20,Engineer,1234679
Client1,20,Engineer,1234679
Client1,20,Engineer,1234679
Client1,20,Engineer,1234679
Client1,20,Engineer,1234679
Client1,20,Engineer,1234679
Client1,20,Engineer,1234679
Client1,20,Engineer,1234679
Client1,20,Engineer,1234679
Client1,20,Engineer,1234679
Client1,20,Engineer,1234679
Client1,20,Engineer,1234679
Client1,20,Engineer,1234679
Client1,20,Engineer,1234679
Client1,20,Engineer,1234679
Client1,20,Engineer,1234679
Client1,20,Engineer,1234679
Client1,20,Engineer,1234679
Client1,20,Engineer,1234679
Client1,20,Engineer,1234679
Client1,20,Engineer,1234679
Client1,20,Engineer,1234679
Client1,20,Engineer,1234679
Client1,20,Engineer,1234679
Client1,20,Engineer,1234679
Client1,20,Engineer,1234679
Client1,20,Engineer,1234679
Client1,20,Engineer,1234679
Client1,20,Engineer,1234679
Client1,20,Engineer,1234679
Client1,20,Engineer,1234679
Client1,20,Engineer,1234679
Client1,20,Engineer,1234679
Client1,20,Engineer,1234679
Client1,20,Engineer,1234679
Client1,20,Engineer,1234679
Client1,20,Engineer,1234679
Client1,20,Engineer,1234679
Client1,20,Engineer,1234679
Client1,20,Engineer,1234679
Client1,20,Engineer,1234679
Client1,20,Engineer,1234679
Client1,20,Engineer,1234679
Client1,20,Engineer,1234679
Client1,20,Engineer,1234679
Client1,20,Engineer,1234679
Client1,20,Engineer,1234679
Client1,20,Engineer,1234679
Client1,20,Engineer,1234679
Client1,20,Engineer,1234679
Client1,20,Engineer,1234679
Client1,20,Engineer,1234679
Client1,20,Engineer,1234679
Client1,20,Engineer,1234679
Client1,20,Engineer,1234679
Client1,20,Engineer,1234679
Client1,20,Engineer,1234679
Client1,20,Engineer,1234679
Client1,20,Engineer,1234679
Client1,20,Engineer,1234679
Client1,20,Engineer,1234679
Client1,20,Engineer,1234679
Client1,20,Engineer,1234679
Client1,20,Engineer,1234679
Client1,20,Engineer,1234679
Client1,20,Engineer,1234679
Client1,20,Engineer,1234679
Client1,20,Engineer,1234679
Client1,20,Engineer,1234679
Client1,20,Engineer,1234679
Client1,20,Engineer,1234679
Client1,20,Engineer,1234679
Client1,20,Engineer,1234679
Client1,20,Engineer,1234679
Client1,20,Engineer,1234679
Client1,20,Engineer,1234679
Client1,20,Engineer,1234679
Client1,20,Engineer,1234679
Client1,20,Engineer,1234679
Client1,20,Engineer,1234679
Client1,20,Engineer,1234679
Client1,20,Engineer,1234679
Client1,20,Engineer,1234679
Client1,20,Engineer,1234679
Client1,20,Engineer,1234679
Client1,20,Engineer,1234679
Client1,20,Engineer,1234679
Client1,20,Engineer,1234679
Client1,20,Engineer,1234679
Client1,20,Engineer,1234679
Client1,20,Engineer,1234679
Client1,20,Engineer,1234679
Client1,20,Engineer,1234679
Client1,20,Engineer,1234679
Client1,20,Engineer,1234679
Client1,20,Engineer,1234679
Client1,20,Engineer,1234679
Client1,20,Engineer,1234679
Client1,20,Engineer,1234679
Client1,20,Engineer,1234679
Client1,20,Engineer,1234679
Client1,20,Engineer,1234679
Client1,20,Engineer,1234679
Client1,20,Engineer,1234679
Client1,20,Engineer,1234679
Client1,20,Engineer,1234679
Client1,20,Engineer,1234679
Client1,20,Engineer,1234679
Client1,20,Engineer,1234679
Client1,20,Engineer,1234679
Client1,20,Engineer,1234679
Client1,20,Engineer,1234679
Client1,20,Engineer,1234679
Client1,20,Engineer,1234679
Client1,20,Engineer,1234679
Client1,20,Engineer,1234679
Client1,20,Engineer,1234679
Client1,20,Engineer,1234679
Client1,20,Engineer,1234679
Client1,20,Engineer,1234679
Client1,20,Engineer,1234679
Client1,20,Engineer,1234679
Client1,20,Engineer,1234679
Client1,20,Engineer,1234679
Client1,20,Engineer,1234679
Client1,20,Engineer,1234679
Client1,20,Engineer,1234679
LastRecord,20,Engineer,1234679